Cesare,Cesare Padilla,IoywYaR
Rhys,Rhys MacSorley,HM7xPoamvxkK
Karia,Karia Hagstone,mMafP9R
Agnes,Agnes Mundie,hebev7mkMfM
Melanie,Melanie Downton,OnpcaPS
Peri,Peri Trevorrow,GHCFSg
Adah,Adah Knight,xH89npgp1
Mikkel,Mikkel Laidlow,GIHM7KAx4xu
Hermine,Hermine Odgaard,MDgJuul
Bernardina,Bernardina Fozzard,4JJU8F0sRyW
Tod,Tod Fautly,zOYOuUwV
Susana,Susana McCreedy,jh3qlr5jE2
Travers,Travers Peffer,QZRCgS5K6Aj
Lesley,Lesley Caldecourt,fdXHKkQLR
Brandy,Brandy Helder,WpsWuYGUOawI
Gerladina,Gerladina Trew,99xCEZPvKb
Feliza,Feliza Fearnehough,JOLJuCltonY
Rici,Rici Spur,f4GiteXyzFvT
Lianna,Lianna Jandac,zjaclMDHu
Jenda,Jenda Downgate,btlpW0djc
Chevalier,Chevalier Ringwood,BTJPaJt3
Charisse,Charisse Ferrettino,mXjPqLIISzH
Candra,Candra Ferronier,QeD5V8zEw
Babb,Babb Hartup,sYe3HyT77Ncn
Silvain,Silvain Fessier,52701zuCxTC
Baillie,Baillie Beardon,WwejmM
Bank,Bank Considine,zL5xxn36bV
Valera,Valera Avramovsky,WvGAa5tdF
Shalna,Shalna Cheetam,OqB87PEpRB4i
Haleigh,Haleigh Jervoise,6KAJm06LBSr7
Cullen,Cullen Purslow,LnXBDipeI5
Merola,Merola Mielnik,EerV4dzx
Jacky,Jacky Dagnan,d14AMXY5
Glenda,Glenda Drivers,bKVlNRs5qee
Ryun,Ryun Hiseman,kKkehkFsCF
Doyle,Doyle Caveill,QaeJkJUAt
Marcelline,Marcelline Maudett,tBWSa7YPb02
Norma,Norma Petto,OtK85q0o
Reena,Reena Haddick,BwWXqR
Beverly,Beverly Agge,qx7yi7Cb9Aye
Alicea,Alicea Tunny,sF6SA0G
Brook,Brook McGaugey,URyXYR5
Federica,Federica Lashmar,fSQGQrQ
Lion,Lion Jeroch,sHiVufj
Cary,Cary Dilger,b0wGqDZdlRi
Aveline,Aveline Cottey,lfbhwOEFsq
Cobbie,Cobbie Nesey,05WHZU4Twsvt
Aretha,Aretha Mulvihill,JpJJIm35J6Ek
Allyn,Allyn Yurenev,5IByCNSw
Tarra,Tarra Sheere,Hc7EB3I
Em,Em Arnefield,wPoskUmS2M
Pedro,Pedro Garnsey,N3ck5dhdE
Dyan,Dyan Million,xWFRovO55aWp
Patience,Patience Kabos,2PL8gpvwfy
Boyce,Boyce Hannon,1Akp7x
Ricky,Ricky Wemm,Kzn1rfYwb
Lotta,Lotta D'Alessio,svDuQm2
Maurits,Maurits Kellog,0mVHG2C5HTM
Augusta,Augusta Mulkerrins,u44e6bhW
Priscilla,Priscilla Danelutti,J4Lhg5hEq
Audre,Audre Bisseker,Ufr7AmFwwq
Daffy,Daffy Crinson,qGAmkEaSAi
Carroll,Carroll Waterman,KyypTf4xYCb
Wyatt,Wyatt Tickner,ZN4jYxY9j
Lamar,Lamar Blunsden,OnSI40
Humbert,Humbert Haycock,MHWrEk
Simone,Simone Galia,BPic0pwdXhv
Violetta,Violetta Leffek,Ke3wxfY5
Lindsay,Lindsay Geipel,xG3keyOLc
Skipton,Skipton Howle,sKR75IKgub
Arabelle,Arabelle Chicken,UiifMg7a9
Lesli,Lesli Vassall,P1dDRM8Y
Laure,Laure Eunson,kU9YlfGY
Phyllis,Phyllis Winchcum,hJEdjs1GY7Y
Bertie,Bertie Orpin,0gUSzVK31PT
Rodd,Rodd Tunesi,1BO3oiyc08
Pearle,Pearle Higbin,6LfqY14NuIp
Grange,Grange Isbell,msfMXm
Cedric,Cedric Cornthwaite,sWMNQjK
Elisha,Elisha Addionisio,ucT88gNF
Gertrud,Gertrud Cromie,UWWY8Su2KR2J
Ashbey,Ashbey Kollatsch,zIBUSrsCU1
Felipe,Felipe Carnegy,EamoyNaE3Ujr
Tori,Tori Conford,MgqYj91P
Audy,Audy Cocher,hBJ6Ygdim
Carolyn,Carolyn Rosson,5XrQpRE
Gray,Gray Dobrovolski,5sQ9TXsjz
Clemmie,Clemmie Bengefield,umJdZ3gXl
Nancey,Nancey Hulstrom,JsSp3PqN
Amye,Amye Junkinson,o3PZemEHyTS
Galina,Galina Lamprey,YnF4mOC4Dsf
Tadeas,Tadeas Paddle,HNKfVIB5QB
Yuma,Yuma Umbert,KHnkAK9nV0
Sydney,Sydney Outlaw,C44EPvZ0URuD
Kristel,Kristel Symers,FDsMkjiJ
Courtney,Courtney Bestman,DfHoFaRgSNG
Olga,Olga Seathwright,ESZYHYxazq
Link,Link Seller,aX3SoYwr8xYj
Josi,Josi Janout,CJcGGr6RPmgu
Judith,Judith Rowsel,5Ii19vq
Dorita,Dorita Winterburn,5sRerzP7um
Sandi,Sandi Harefoot,riG9YhZDYy
Amity,Amity Tourville,o2TJpthES
Noelle,Noelle Sawart,xv7iN8
Berte,Berte Gonnely,lhUiOBt
Garnette,Garnette Harmar,nA9KZF3K
Bella,Bella Skeermer,VbZx8szrKT
Leonanie,Leonanie Vedyasov,LJt1Y6qC
Libbi,Libbi Schimek,fUz4xMg
Bartholomeus,Bartholomeus Baudassi,CV1Ww2e
Jammie,Jammie Anfonsi,680swVH
Britte,Britte Wooller,p07BEuFaC
Hansiain,Hansiain Spellesy,UUvG7RBTpg
Marillin,Marillin Rustich,BzKpoT
Kit,Kit Bloan,UoaAB1XKE
Sandra,Sandra Beniesh,srWcuYxdcrl
Diandra,Diandra Passey,vF7XsvFcIg
Joline,Joline Caughte,YueCU13
Mikel,Mikel Buston,YLICWXIcrET6
Bili,Bili Hartlebury,OMBWmHro82bX
Aron,Aron Di Napoli,7TKFUVcd
Alberto,Alberto Cabell,tHjcMrwpYDTD
Zollie,Zollie Zukierman,Z0ImgUsMmk1
Joyous,Joyous McCourtie,EKhs5lvGV
Kerr,Kerr Ahrend,SWhkFAG
Rosalyn,Rosalyn Setch,RBHnD2pQTMqx
Marianna,Marianna Leahair,gUrX7mti
Dave,Dave Adamovich,b8oRGlVxr
Travers,Travers Purkess,TXtK05bisnzx
Lezley,Lezley Morillas,1MdVO4ha
Andi,Andi Camelli,q5acqp
Tracee,Tracee Edscer,92MSIjJ
Yurik,Yurik Flacknoe,11uWtmd
Korie,Korie Spancock,6ulPSvpEg
Merrielle,Merrielle Farreil,4WPTI5uQMI
Reynard,Reynard Mattack,7ylWLgH
Nalani,Nalani Luetkemeyers,Mae66EIV
Whittaker,Whittaker Annion,LoSBJp59YU
Christian,Christian Gleadhall,dM44Vb1404F
Othilie,Othilie Smuth,qEXAylEs
Alphard,Alphard McNeilly,fOsKJb36Vg
Myrna,Myrna Engeham,JuLkImzgk
Corny,Corny Nilles,eCDhKpfUln0
Lucien,Lucien Luby,EGDpOq
Dory,Dory Atkyns,UdsNmapH
Benni,Benni Fotitt,uV6MX6vwdt
Ware,Ware Scola,MC6lrwem4T
Ailene,Ailene D'Adda,SmbhDv
Reine,Reine Rigge,hL4bdg7yLVp
Perry,Perry Bagwell,4vLENzk3T
Izabel,Izabel Free,1yfjLue
Brenda,Brenda Whalebelly,fDwmlDY35JLg
Michele,Michele Pharrow,WtwHTqG0uc
Ara,Ara GiacobbiniJacob,sze2tYlC
Hallsy,Hallsy Aubert,84RemxmE6S
Rey,Rey Somerfield,CH9LktcQ
Arlen,Arlen Ridgedell,qJ17kdk
Gilli,Gilli Rikard,LiEHKWfqV0rx
Abbye,Abbye Farens,hy8jaY7EH2
Twila,Twila Rummer,8U73Nwf3wcoq
Claiborn,Claiborn Hiers,xaupLn9hD9a
Selby,Selby Bourrel,EGKXD8OM
Barnaby,Barnaby Brandel,9rxWBgiZYDO
Byron,Byron McGillivray,L3MQQaLw
Lavena,Lavena Patriche,2XS9mncSIMgN
Michelina,Michelina Gwilliams,RFErXA6Jow
Raimundo,Raimundo Mateescu,zWIcorh3
Cathy,Cathy Gligorijevic,TnwlaDERLBZu
Fabe,Fabe Scud,L7TaZh
Gisella,Gisella McLellan,V1uTCrSYq
Adrien,Adrien Hart,Pp8Uyq
Raphael,Raphael Dowber,XVnIfTf1m
Kerk,Kerk Swepstone,HdYem6
Dick,Dick Withnall,8ELzAr7yCux
Horace,Horace Hendrichs,a7gQ9k
Zelma,Zelma Mathy,NWiv20
Krispin,Krispin Paireman,ed1n83e
Cyrille,Cyrille McIleen,JP37Lj
Kata,Kata Duley,t43deFhtt
Hugo,Hugo O'Carran,3Q95SE0s
Hedwiga,Hedwiga McGucken,73zGNSdm7
Shelby,Shelby Ochterlony,0ag8g6R
Karry,Karry Thorburn,rBKE8EoIv
Zared,Zared Tartt,0syvBV9
Rozanna,Rozanna Orae,vrzHsyExK
Uta,Uta Schusterl,SaozIRk0o
Holly,Holly Mcmanaman,H1Eiuykn
Selie,Selie Gierardi,Dw4FwP6y9
Kalle,Kalle Hartshorne,2vf2ZPc4cdgF
Ortensia,Ortensia Maha,HJTlrACJ5
Galen,Galen Dohr,Ya10Pb4Ipb5N
Mellisent,Mellisent Livzey,LU6VvzYJdyo9
Marty,Marty Picker,trRc6kem2OI0
Arleta,Arleta Mancell,QkIblCS7
Davon,Davon Garwell,WGDgLDb
Allister,Allister Petzold,5jirEUsxpYPA
Mehetabel,Mehetabel Barstowk,OPp1I3Y
Napoleon,Napoleon Wroughton,H799BbrxGGJj
Erminia,Erminia Sims,SLw42jV
Teddy,Teddy Nissle,rpBsLm
Lanna,Lanna Adkin,wBw0xqu
Ansel,Ansel Kernar,viEUWj
Emilia,Emilia McGiveen,NpsJj8jK
Marco,Marco Gayler,xjiRXrlPo
Clemmie,Clemmie Sharper,U1T85oR
Brande,Brande Comrie,cBm1TmFRkrk
Georgie,Georgie Vince,A1VbrfJcdNC
Edithe,Edithe Bownass,uNwVSPQE
Stephi,Stephi Mulford,Vub3S5
Gery,Gery Testo,NFMawy5XT
Verine,Verine Harkus,EyRfjVu1I
Cathee,Cathee Boxhall,kJVNrlShZCg
Karlotte,Karlotte Crookshanks,ebKtyL
Sela,Sela Size,TYlJH3
Shirl,Shirl MacNamara,2EdIJY
Marmaduke,Marmaduke Abilowitz,EdnTzDn
Sunshine,Sunshine Lissimore,NxLy8yiCNuY
Teresina,Teresina Adamini,besxv0r
Emlyn,Emlyn Hallsworth,jMieKKA
Corette,Corette Kinneally,Zb3fhr
Ursulina,Ursulina Coker,6rXAmsPXk1gx
Cortney,Cortney Dunniom,aRivxT
Sharon,Sharon Dufaire,mwHO4Bos
Cordula,Cordula Whitmore,4z47N3FQ7Yh6
Koralle,Koralle Osbiston,KwozVKtcx
Wilfrid,Wilfrid Laite,R8hnsM3lWTS
Brit,Brit Hasel,n1nQ0MLT6
Merrily,Merrily Kumaar,hCsBBRjjBqmA
Deloris,Deloris Mercey,LrZm7B5JT
Clarette,Clarette Broomhead,KsPpqCJIlh
Darya,Darya Artist,IUcoNnW8HbS
Marshal,Marshal Idenden,1d2BD4M
Seamus,Seamus Renton,ERsYmh
Randolf,Randolf Slimings,VyBRLJ3wYd
Griffith,Griffith Shatliffe,23QKIRyWzEU
Car,Car Fihelly,NRL696Yna
Thorstein,Thorstein Lennarde,DSenxM
Celka,Celka Bloyes,ouOqkBt
Vanya,Vanya Segeswoeth,t4ujVIZ
Paloma,Paloma Kern,mYGlSXzaj
Alasdair,Alasdair Piddock,J79DT6H
Lexi,Lexi Dolphin,BdZZD3z
Carmelina,Carmelina Kean,TAgn7TOkZ
Laird,Laird McNae,lNKoErfpV4
Mano,Mano Kinsey,H6IbzISPM1Y2
Edlin,Edlin Schall,DZEsafIHqdhT
Booth,Booth Fleet,MU1uyR1Qjq
Allyce,Allyce Whetnell,EaioWlY
Giorgi,Giorgi Lyttle,46HuNP
Ethyl,Ethyl Duffer,nkhqOw17Z
Arley,Arley Simyson,pIYtMdtCXw
Daryle,Daryle Ottewill,sJiVcsuXj0
Boyce,Boyce Boustead,gydPYahz
Artemas,Artemas Shickle,MKypbYTWWb
Alikee,Alikee Hanway,biicfV6dC
Alain,Alain Keveren,gRvi74EY
Lewes,Lewes Keynes,rHwo2sLs1
Lucine,Lucine Delacoste,aSFSCU8
Palm,Palm Daens,fVcHiD30ya
Moyra,Moyra Wharby,AC22c8hER
Emera,Emera Lintott,eyJYvpS
Anestassia,Anestassia Wibrew,Ci01GO48
Pasquale,Pasquale Wasiel,nu5IFYjX
Gilbertina,Gilbertina Riddick,p4VDXXwqF35
Alford,Alford Gretton,FZ1GSSeri4PJ
Silvan,Silvan Sivier,9dlvdYRb
Pierre,Pierre Daskiewicz,4HxZJ3baUQL
Hale,Hale Lathleiffure,XYs93cLVwuh
Jay,Jay Luckie,lUq9FH
Crystal,Crystal Surgen,vuF0qww1BYDn
Franni,Franni Tregien,aZN4keNEb4KA
Jasmina,Jasmina MacCauley,QWPzAtt3Se
Booth,Booth Thorby,r3dqeCcp
Daryl,Daryl O'Kuddyhy,Wab2xVNlt
Catharine,Catharine Stoven,wU5Zy4IYIWn
Elle,Elle Sangar,yRAMuepLnuIE
Welsh,Welsh Blowne,4fOrNgO
Wake,Wake Cashin,dOSRcd
Leandra,Leandra Theis,mtZHNeZYwO
Herbert,Herbert Plumb,mGlEmX6fU
Gertrudis,Gertrudis Ballantine,Z8qIeRnmp
Sim,Sim Blomefield,bXuoZVaoqCu
Jacobo,Jacobo Sunner,X4CfPfe
Liliane,Liliane Boule,4VO0rh9
Carolee,Carolee Coundley,Y6iEEF3WaXq
Amalle,Amalle Allabarton,UxJxZA
Vitia,Vitia Bissill,AH6Bl6QokVDM
Quinta,Quinta Brisbane,Y0SikuG
Karin,Karin Gladdin,qHRlFd6CH
Teador,Teador Wimpenny,2rs24URv
Farlee,Farlee Petrus,goks6Nq0i
Gerome,Gerome Bunt,Y8Oq4coo
Riva,Riva Sherer,xp2PTA
Costanza,Costanza Boriston,ENjzp8n0A5
Ricardo,Ricardo Brumbie,VyPlnYRl9IgM
Emmaline,Emmaline Bampkin,6nZp7KghqOd
Lauree,Lauree Geddes,KbLPzR8O
Gil,Gil Klesel,zaNJpXuU4f
Kean,Kean Chastand,EXG40Xcvxinx
Norine,Norine Hughlin,nEet8myAK
Wildon,Wildon Euesden,yQ1CjF0siU
Friedrich,Friedrich Ghidetti,HCBqdwRm9
Cory,Cory Dietmar,b1nXQf
Francesco,Francesco Tunstall,4EgCnlzz
Nina,Nina Livesay,lMWT7ARItP
Larina,Larina McMichell,hKjXvMCgmMdO
Griswold,Griswold Coston,QLEMTfEhykw
Immanuel,Immanuel Batchley,pxsPdm
Lindon,Lindon Braunfeld,wwg4VbZLCCE
Nicky,Nicky Simonard,j118wcBAEl7l
Karrah,Karrah Biesinger,S18wpl8Kl
Jodee,Jodee Jobling,DT4J5Hvl
Millie,Millie Matuszyk,PCJ9SybPlfa
Jaymie,Jaymie Ortes,Okfj5x
Kearney,Kearney Trengrove,6K0bSnaTpvk
Adan,Adan Farrant,xjSFeVbB
Opal,Opal Sawfoot,FS8DZY
Florance,Florance Siaspinski,ZMbNOot4H
Katina,Katina Northfield,afrAcwJSBN71
Gayle,Gayle Neno,hJCtS17oHWq9
Butch,Butch Poore,ypWvmQ7Jtm
Darryl,Darryl Boutflour,OFmNIM6R
Del,Del Jakolevitch,xw3gaGU
Eada,Eada Almon,lxWDPe
Noellyn,Noellyn Haward,bjL3XWR
Roarke,Roarke Greig,r8Cv5LfSt8
Sela,Sela McPhate,JExf9FVMWlge
Riki,Riki Graver,Qv5F32w
Bobby,Bobby Bathoe,za1k5td7fx
Aymer,Aymer Byrne,jze0fh
Edy,Edy Doumenc,e1p1rR
Ramon,Ramon Denkel,m1yFoSsxR
Skyler,Skyler Ablett,GRRuhlhitm
Gillie,Gillie Khilkov,q4ezVF
Ermina,Ermina Cordelet,tOMgU1
Nancie,Nancie Heine,Adpw3M
Ashil,Ashil Klus,LgiLxO
Gallard,Gallard Purser,fGKVRi
Davita,Davita Whitlock,jR1gRn
Diane,Diane Mobberley,o9xPpJGXixH
Meaghan,Meaghan Emslie,Nbc1keHrHX
Daniella,Daniella Vreiberg,EuMllnL
Stinky,Stinky Prisk,cbs0g3SR8d
Hillard,Hillard Dommerque,vTMrjTjpm
Helenelizabeth,Helenelizabeth Kybert,GZksqx
Prudy,Prudy Springtorp,InJriwWT
Marc,Marc Metzing,SyNwfSa
Jocko,Jocko Saing,ucfASH
Rhea,Rhea Zemler,te0eAuTFwHIt
Cosetta,Cosetta Brownsell,OKSRtF6k27Yf
Guinevere,Guinevere Bittany,1Fqzb0eHU1
Corrina,Corrina Kettley,K9xQOhHAc
La verne,La verne Jinkinson,qmNDhm8XcfGr
Vivianna,Vivianna Stapele,2o3GxpqQPdD
Lauri,Lauri Aindriu,rsiN54zxwld
Bert,Bert Willox,4T7dBPZ
Lindsey,Lindsey Stuckford,bzEPa8
Sydel,Sydel Le Batteur,2PzCBsI
Dyane,Dyane Rochell,clfFyC
Giordano,Giordano Poole,FJWbvs
Lonna,Lonna Whatham,WrKSiKHb2OR
Karrah,Karrah Waldocke,BwPlCiFHh
Justinn,Justinn Legg,oTWlI2SKbj
Ebeneser,Ebeneser Muckle,WMHNW2gm
Andreana,Andreana Corbet,XAUkjLQGRCD1
Garrik,Garrik Truckett,sUsqCkTx
Sibella,Sibella Startin,ECix4yn32V
Nannette,Nannette Minchella,dWaYXz
Mitchell,Mitchell Darter,3nPrp6HM5um
Clarey,Clarey MacKettrick,2fWuC4hQB
Blancha,Blancha Varsey,rj7D8T3HWA
Tresa,Tresa Qualtrough,b1yiWKat
Eamon,Eamon Dienes,7FWCQsWpe
Olav,Olav Brave,JpBHmpCyTXri
Gualterio,Gualterio Terbrugge,D6E1x9wmknb
Phebe,Phebe Greenacre,un1hKWx
Ame,Ame Uren,ZZynF7voy0j
Benedicto,Benedicto Goaley,aMU2Hoia
Skye,Skye Dalliwatr,sN4hU2T
Lise,Lise Kirley,thWfWIt9bCn
Alyce,Alyce Pratley,QJKlkhv
Enrica,Enrica Dee,7diPpBb
Jeanine,Jeanine Verrall,BVnP9FADe
Kerrin,Kerrin Salvidge,RWEEpYn
Darryl,Darryl Winchester,ZmU2VT
Ursulina,Ursulina Girardy,TreKlF
Cly,Cly Raitt,X3Ql4Q
Brandie,Brandie Clurow,nzVOPeuf
Donnajean,Donnajean Merrien,o6rwDFdj
Artemus,Artemus Bonaire,maOeo5QRpq
Chad,Chad McIlhagga,PCOvm5cFUu9e
Nigel,Nigel Knightley,VVKKmIwCP
Cindi,Cindi Tottie,XelriU
Ursula,Ursula Volk,cQmnZaJK2lf
Kaitlynn,Kaitlynn Hiley,SeQmpyIy
Lisette,Lisette Amber,rYYRvoxj
Row,Row Negus,m8QyRlR7oi5
Skelly,Skelly Ridolfi,kUaO6XYWnxP
Forest,Forest Cornelius,ogNfDLWkTVt
Jorry,Jorry Onge,KMQOTtyfJ
Gayleen,Gayleen Yewman,DDuleae
Stefan,Stefan Oxbrow,3FGMQWhd
Stanislaus,Stanislaus Shemmans,8XVKsNznu8m
Kat,Kat Brounfield,lFj6U98wjvxO
Bliss,Bliss Canet,linfbgJ
Jannel,Jannel Dadge,WZLciqjrvsab
Claudian,Claudian Palley,qsS6R5MVOf
Hilly,Hilly Slocom,GLUunO7
Willey,Willey Julian,izfLDJtCSh
Arnuad,Arnuad Laidlow,CQdo08p
Roger,Roger Hanwright,Q8iT6JM
Deirdre,Deirdre Freke,7u17kfoigFMJ
Nollie,Nollie Haton,VgeSHDRc3
Riannon,Riannon Roseborough,woMa6BEHL
Verna,Verna Godsell,OE6IT9UyRC
Stanislaw,Stanislaw Grishanin,fXvMbWNP
Pierce,Pierce Pargeter,hvaLkX6
Harmonia,Harmonia Dobbie,7EH2JgJ
Granville,Granville Tedstone,PHHNR8nFlqt
Tallie,Tallie McCurtin,IVogRo
Ogdan,Ogdan Kryszkiecicz,i73rKs3d
Jabez,Jabez Dunstone,ufbosM7
Jobi,Jobi Gregol,SisMESpJZ
Geri,Geri Piscopiello,QEOvexna
Aguste,Aguste Novotni,022UPLVFbe
Sacha,Sacha Gordge,UXxD79
Durant,Durant Bodell,CjtfACDaUk
Rennie,Rennie Mc Caghan,gDL6YFk
Gabriel,Gabriel Riccetti,7x2krKtd
Margy,Margy Ramirez,R7vrVZmLmt
Arlen,Arlen Olkowicz,4gyHvbai
Marlowe,Marlowe Clutten,el2LrlmYEp
Charin,Charin Connichie,n78B82yLs
Vite,Vite Pepis,n7TGu9SuVwbe
Morty,Morty Truscott,VRYkjyWo0
Alano,Alano Atyea,7Xv4rZVq
Salvador,Salvador Blaskett,iIW4v9Y
Frederique,Frederique O'Sheilds,vNNXIdjG
Cleavland,Cleavland Rackstraw,PvhNugiS
Natividad,Natividad Tellesson,5ofUKlGpc
Catlaina,Catlaina Snedker,sXdw7d9I6
Delphine,Delphine Hallock,ExWCUX8V0Xa2
Rip,Rip Parkes,AeF2TnLQ9po
Fitzgerald,Fitzgerald Smissen,x0aZhf8lU
Cornie,Cornie Linnit,z35kspPc2IXw
Freddie,Freddie Esslemont,koUNZv8
Catharine,Catharine Ferrario,GbezRk30da2Q
Elora,Elora Costelloe,WrC6q0
Marna,Marna Woollends,NecgBz
Dionis,Dionis Aronson,t826CM2GBed9
Carmine,Carmine Lovart,2xQ2i9obQKY
Esra,Esra Brennon,d4CWJRNHX9
Zacharie,Zacharie Fossitt,gdJSOPY1K
Winnifred,Winnifred Measen,OVcfub
Shir,Shir Voce,EgHoxvrk
Annadiane,Annadiane Sayer,E5vkTemi
Euell,Euell Grayston,Bsp8qZMOFJl
Candice,Candice Cordeau],tfUsaKPkpfeQ
Netty,Netty Fenby,K8nre99
Millisent,Millisent Lepard,SwM161YXe
Cami,Cami Sherrott,z1qbOruc8
Aline,Aline Cottill,thl4mc5q
Griselda,Griselda De Ruggiero,l8KFAPA
Joceline,Joceline Ive,1Ng8bYqYj
Pammi,Pammi Dupre,31JAguT
Ella,Ella Boater,uPq37MsXT1A8
Kliment,Kliment Ennever,pzQbW9TKp
Gaspard,Gaspard Bruneton,WjQRKQ2wxb
Jacob,Jacob Adolphine,tbBzYvPzan
Eal,Eal Selborne,cT82aPf7
Sandie,Sandie Hainning,KPe06SI
Bat,Bat Maymand,4zEnsK23c
Beulah,Beulah Scay,eBDeCjA
Constantina,Constantina Tidy,DEH0Rk7Uyy
Wilow,Wilow Swain,Z2gBtLUA
Abbe,Abbe Mathieson,K0raakt8
Hilliary,Hilliary Dyson,knsNHZ
Emmye,Emmye Ogbourne,gzw62df
Carlie,Carlie Hellin,665WscBQ1
Maurine,Maurine Boosey,obNowlMf
Onida,Onida Fenix,bqlv2ejfp
Malina,Malina Bellerby,reWPsta
Bettine,Bettine Showl,C5jaUtfvd
Hans,Hans Pougher,dRbR0YOcqXBA
Cornell,Cornell Quigley,BJItVyJm
Katine,Katine Stealfox,h6jWF945XAbz
Lory,Lory Allett,TnzwqfU
Brianne,Brianne Surmeyers,xpBJ7HlCrd
Lebbie,Lebbie Joy,EaFrCsb71BUn
Oberon,Oberon McInnes,EpAJs1do
Winnah,Winnah Martinec,ZevbdzhHfae
Audrey,Audrey Gaskamp,srMGBD
Lauren,Lauren Carlyle,CaH3s5yNV
Andre,Andre Reynoollds,BjRPKY3U5
Marina,Marina Hogbourne,SWNIaaYqqQu1
Filbert,Filbert Brotheridge,BWmKWntoxmzz
Shea,Shea Entreis,J2RaBoyXf
Dom,Dom Garnul,td7cpg
Dolph,Dolph Khadir,5AnPcf
Dido,Dido Sydall,Ub7ILKEJHi
Theodora,Theodora Govan,CjlQcV
Jelene,Jelene Prandini,hKYVSMLQ
Shelba,Shelba McCully,ObdeBf
Nahum,Nahum Johannes,CQD6APV
Shurlocke,Shurlocke Symcoxe,6VedNUQfkT
Frances,Frances Vass,IxfwlpDaIWF
Haze,Haze Boake,yLtDRWamj1M
Tannie,Tannie Santon,XAcN5eA138
Laurella,Laurella D'Oyley,p6ZY2aeIdGBk
Leighton,Leighton Bulleyn,CRIhZ2K3PG
Donny,Donny Filipovic,kLTWVqd
Ilaire,Ilaire Haddick,PQ91Vh7th
Frederique,Frederique Coates,ucSnNG66Y
Frayda,Frayda Babe,VOnZUjLFKlp
Sabra,Sabra Kybbye,kq5RiO
Floria,Floria Gormley,7QCb0KLgr
Goober,Goober Seamon,dOPUmyZf9sUu
Hartwell,Hartwell Jennemann,O4dYGMN1KG
Shalna,Shalna Gwatkin,uSd7GtY9armN
Der,Der Gourdon,A8dMelwnKowM
Reggis,Reggis Harpur,KJEHoZ2P
Ogdan,Ogdan Caller,R68pDNCyFV
Editha,Editha Medlin,ZwD2qJ5fUxc
Purcell,Purcell Oleszczak,eWwT2OHfIXD7
Ulric,Ulric Fallowfield,uhiyCZaC
Goraud,Goraud Cattenach,hZRkMWX082
Liz,Liz Pendered,ZnQlA8ZC
Ula,Ula Broodes,KRf8Wpui
Cassie,Cassie Molson,CbpgDS
Lucas,Lucas Holttom,yLi7jZH
Amy,Amy Adamthwaite,0YNLAUGQ
Grant,Grant Gambie,zvGrqCmEBCV
Tandie,Tandie Sherlock,6eArBHLJIh
Constancy,Constancy Goggins,5ri6MnLUh
Gian,Gian Symcoxe,7sR96TXVq
Alla,Alla Ledger,Gp0mcKUorRki
Janelle,Janelle Impett,udGrmP
Murdoch,Murdoch Mawer,N4E8HMmXEt
Arch,Arch Hymus,1TDtzOX5w
Clarke,Clarke Secombe,eFNqJggH
Trent,Trent McCreedy,nRBYIdXR4GJ
Sabrina,Sabrina Allerton,2dGdqMn
Melinde,Melinde Tabert,ccgY21
Siouxie,Siouxie Orry,ghLSP6wMKTH
Cale,Cale Jovicic,6eHqhK9m6p
Lutero,Lutero Pipet,p5QB3ycn7V
Irma,Irma Baynton,LVwRtHdVamVS
Adena,Adena Fattorini,pGjH9ybgX
Robb,Robb Strahan,Mc3Wh8ZWpBZ
Lewes,Lewes Sidebottom,uymlhpCR
Jacynth,Jacynth Leahy,gTrLheL24EMz
Bruce,Bruce Paddingdon,m6fe2GDIGc
Carr,Carr MacPake,lN8ai2
Odele,Odele Glentworth,uLoAg5Jp7
Marchelle,Marchelle Lindsay,ZpQs0gTtf8q
Jarrid,Jarrid McCay,pYiOyfpU
Alison,Alison Edkins,72TomAUi
Giustino,Giustino Enevold,2CtbUQA
Major,Major Dutton,3Z0N7V2M
Emmey,Emmey Robers,N3zp4v
Sioux,Sioux Burgess,d4CrxYbjZYn
Tamar,Tamar Compford,z45tqT
Ella,Ella Di Napoli,e8twk1D
Manuel,Manuel Cummungs,5s4Oit88Bp
Carlina,Carlina Meharg,UhoOX90r3
Celeste,Celeste Petrovic,9fiqoU
Darice,Darice Dwerryhouse,sQJtQTnJERvT
Roderich,Roderich Antley,UUJYMU8QcA
Jasmin,Jasmin Flode,yLw8i6S8HF0k
Gris,Gris Dablin,R02YidaPzj
King,King Clabburn,Ae5H21VpR
Bryna,Bryna Guerra,rLZPbYd
Hermione,Hermione Yosifov,cKBjfreqs
Alex,Alex Lauder,09f2V2u09
Marisa,Marisa Steinham,Qhr1Aoazotu
Isa,Isa Conradie,605p1zBvaAn
Arther,Arther Gertz,tt06ldn7ySS
Gaby,Gaby Broschke,VCPWtfP
Gordan,Gordan Lipp,b33RlTiLGNp
Sarena,Sarena Derrick,gMwKzwLIB
Marne,Marne Sedgefield,XTUKtOv
Blair,Blair Carlino,t9VY0VRVBB
Blinny,Blinny Frobisher,0OODybAx
Darcey,Darcey Petersen,DqjRWgcyULf
Shawn,Shawn Radleigh,qNn2CetbUQ
Marlow,Marlow Hazell,w8wH0LIYvr
Erskine,Erskine Armatidge,ArmIwf3
Mariel,Mariel Rowaszkiewicz,ZC1q0u1pxS
Pascale,Pascale McRorie,5at69KZOseEk
Jervis,Jervis Taggert,Vqxc7dK
Rod,Rod O'Gorman,Vet7uMDtW
Pearle,Pearle Heningam,pujCBpi5O5
Zandra,Zandra Antonnikov,bHyNVtE4WKdS
Marsiella,Marsiella MacKaile,XFVXlr
Herby,Herby Hellewell,PFKJ6ybygm
Clayton,Clayton Curston,GOJnirZb5L
Ayn,Ayn Emmatt,rcgru3Mj
Dar,Dar O'Fihillie,xE310Uu
Brier,Brier Nannizzi,vooPZ3vVN
Tracey,Tracey Maffetti,nZCNy76n2b
Glenna,Glenna Loton,tTHRI5765l4M
Thibaut,Thibaut Coulson,8bZP6om
Terri-jo,Terri-jo Provis,UaIpmUlO
Tadd,Tadd Impy,Q5bSOsFajy
Glenn,Glenn Mapledoore,QbOl1AkdG3R
Sacha,Sacha Dunnet,TkiJ1lug4erN
Zelda,Zelda Greenough,genh6vy
Paige,Paige O'Keefe,GrP1vFlMUMQ
Lyon,Lyon Burdon,U8DdfE2f2V0
Erroll,Erroll Cordner,2kZeO9SPprGq
Becca,Becca Schutte,O1yJERnJWNb
Delaney,Delaney Billany,ZpmBKY
Marie-jeanne,Marie-jeanne Wadworth,3wEqJYRLC
Tomlin,Tomlin Will,Q9UvXA
Sal,Sal Riche,A9CQvdOP1k
Will,Will Bonhan,R3qRgtmYmai1
Grover,Grover Bettley,bSaGsY2311H
Norman,Norman Sorton,Kh1xu9u9c
Janella,Janella Christoffe,0kBbPBcXhi
Krystal,Krystal Aitchinson,ANfctku
Anabal,Anabal Jorge,X69ysK4
Mariejeanne,Mariejeanne Daldry,QoXCsxH
Mendie,Mendie Brogioni,gUWWKFocB
Sapphira,Sapphira Lintall,HXIHi5kOS
Gerianna,Gerianna Riddich,G23tfWQH
Baxy,Baxy Rasch,2HAyjLD
Jamey,Jamey Kidd,eCa7hY
Flss,Flss Lathwood,hv6pU0D0PVP
Shaylyn,Shaylyn Broadey,qiEqBgq
Kelley,Kelley Axe,EAdSujH
Diannne,Diannne Titchard,OidTo0J
Darline,Darline Andriuzzi,MxMCFCeRV
Barbe,Barbe Tomovic,xFKBCBQ
Reina,Reina Lipgens,JwjWgkAx9Cy
Almeta,Almeta Bonwell,hzs53A
Prentice,Prentice Loudon,ZTvOAQV3t3
Hakeem,Hakeem Chaulk,OrOw9ypo
Sigismondo,Sigismondo Mapledoram,3xss0hmlVj
Jecho,Jecho Cominello,2EaSwanZIGk
Charlene,Charlene Arens,6bAwpUdla
Leta,Leta Shepard,krTlaRx8Zp
Tabby,Tabby Kupis,ThZGuFego
Maxie,Maxie Arlet,ThEUNdGNaWaF
Magnum,Magnum Shrubshall,q23joU
Frazer,Frazer Vedntyev,ZdQ9XH
Ruprecht,Ruprecht McGinnell,iuABCGjuzz8k
Roselin,Roselin Demanche,NNLhq1iJ36Mc
Florella,Florella De Mattei,yKkukbbfS
Isahella,Isahella Bartles,vH69dhRuN
Kingston,Kingston Couronne,Md38zb
Freda,Freda Cox,abU62DhWLuV2
Elena,Elena Bernardi,TVIuXy54ep
Alyson,Alyson Culkin,bg29eT7
Kenna,Kenna Osselton,WeDYoL
Arlyn,Arlyn Hamill,fN51keD
Enrica,Enrica Trase,EHK6qOdUg6EA
Collette,Collette Harcombe,SsjWijCQnCv
Marcella,Marcella Lumbly,LTGNTk
Nikolaos,Nikolaos Steven,80azRDm9UDEo
Juan,Juan Pomfrett,Aa5mFstyzG
Baxie,Baxie Santora,rGeqP5RjQoCS
Yard,Yard Wines,hZkhIaF9NDP
Richard,Richard Sangra,ReU3fgJaHY
Evin,Evin Crow,OqIMEEo
Farrah,Farrah Brass,pQMK3ouv
Colin,Colin Capaldo,Gc8TKao
Caitrin,Caitrin Endon,632aE9VjxkN
Brit,Brit Veltmann,j6LIEJXBWyqh
Maxwell,Maxwell Penning,fl4yzia
Carla,Carla Guinness,MOp0Q15F1p
Yorke,Yorke MacHarg,ydI0ZRrZKwz
Dru,Dru Schimoni,UCG2ZuaXJ8
Liesa,Liesa Peasby,282UEwBro
Ashlen,Ashlen Rappoport,g6P4314Stx
Cash,Cash Harms,rx2n1c
Emanuel,Emanuel Posselow,RwqdauNHd
Vilma,Vilma Jallin,1hlgBcMFP
Jannel,Jannel Wiltshier,rHrAs6A
Tandie,Tandie Danielli,olqREL5GU
Courtenay,Courtenay Willes,j03LY8pFbx
Wandis,Wandis Kleinberer,JHDP4U0goz
Gaylord,Gaylord Durrell,lr0GfEFJ53p
Ruddy,Ruddy Ridgewell,Gv9lFiDOR5fC
Kakalina,Kakalina Bayliss,ew9o76VxA
Lonna,Lonna Mitchener,EFrJva3G
Bebe,Bebe Halbert,sgEZa20Uom
Guillaume,Guillaume Luckey,2rj5y59
Hercules,Hercules Northfield,kuTJkun4s
Duke,Duke Harses,tkAqCYM0Byh
Raf,Raf Siemantel,QMBwvU5QfG
Lanny,Lanny Gerrelts,GG1UirbP8m
Tannie,Tannie Garrard,Hf5oTErkIB
Latrina,Latrina De Stoop,tGCJY0N
Enoch,Enoch Jurek,43DEzCcX2P
Gerome,Gerome Kinset,FPWKtnz0XLq6
Bonnie,Bonnie Rosengart,7caykdk8
Rozele,Rozele Iacabucci,BmpFzbzI
Evie,Evie Gillooly,ZIPTJOLP6YLx
Abbie,Abbie Seckom,JsgywwrOMcc
Lavina,Lavina Dearl,MC9T36XP7yn
Shelia,Shelia Loache,AtvN549
Elfrida,Elfrida Dudmarsh,mVms10O
Rollo,Rollo Daymond,VFVpY2td2EKT
Dorisa,Dorisa Duckhouse,yNqBzw3N8w7
Flory,Flory Beard,ezVJ6f9ySFx
Crosby,Crosby Tolworth,6QmxOqBbC9s
Rosalyn,Rosalyn McGibbon,fCCxdLgz1e
Leif,Leif Saturley,1p0Xdvkuir
Leese,Leese Vittel,5o98z0W
Flint,Flint Andrioni,qly0WU
Derril,Derril Tierney,7u46XHn8
Shep,Shep Brimblecomb,aZ7I8ndKqs
Lucienne,Lucienne Cornely,hgPdOIWdK8zW
Lorianna,Lorianna Segge,FirECnF
Annecorinne,Annecorinne Collinge,lR5PfY
Bevan,Bevan Frogley,WqssSH2w
Bella,Bella Thoma,rsGtDVrKT
Livia,Livia Stother,p5qhfDP2
Toinette,Toinette Tommei,lAMY9kPeL1xf
Perla,Perla Foux,c709SCRul
Elana,Elana Tongs,Iahcxe
Andria,Andria Thirsk,KFABzXx
Waylen,Waylen Cannan,bxO2fWv
Emilia,Emilia Cackett,6tFlXf
Elke,Elke Cabane,8KdUPXuPVc
Moselle,Moselle Tolliday,aK0cKo5
Madelaine,Madelaine Parsonson,xvLNXXHBTYf
Vincenz,Vincenz Oneal,kJrgrAfj
Charil,Charil Ordelt,RwlxeBpH
Hyacintha,Hyacintha Caseborne,j9Dkh7V6w
Cecil,Cecil Mulvin,57xbKsygdZp
May,May Cino,2dxT7UO9
Etti,Etti Rankling,JzjxjCC
Persis,Persis Adkin,i0U91Mu2FqyA
Carly,Carly Hupka,NpIexP
Celie,Celie Crips,Gm71JWmEi
Amanda,Amanda Skocroft,4d0ZaH09zz
Zandra,Zandra Cadlock,cB5UmMdy93T
Pearla,Pearla Barti,GMGJuxpD
Worth,Worth Pyott,bH4kPFlXJ
Stella,Stella Saywood,buIge7JX2dI2
Harvey,Harvey Twiggins,jbxqiqgybSo
Hortense,Hortense Edwardson,X2heKcxCBvH
Shepperd,Shepperd Spinozzi,Auozu3pcyl
Arlin,Arlin Rootham,8aUr2oH
Trista,Trista Bogges,tqt8CW
Sinclair,Sinclair Austins,HkCfZEUOzAJ
Darbie,Darbie Maultby,cGGQmw2RTb8
Kacy,Kacy Towsey,7bwOFFyr3
Angie,Angie Syne,vFQN4pCNi6
Nessa,Nessa Cranton,hcLjHe
Lambert,Lambert Spatarul,sccxPp
Dena,Dena Hathway,X4NEIfsH5kG
Allix,Allix Renals,i0u3Iw
Ab,Ab Bande,wQs2FH6z
Jeni,Jeni De Meis,sO6B4ZvqqNX
Dorey,Dorey Griswood,aIoyZvHgv3yQ
Obadias,Obadias Samuels,jHKlOe2
Trstram,Trstram McMenamy,V297kq2TCVEW
Regina,Regina Greenslade,dLWb3P
Twyla,Twyla Ebbing,L6R5ZlYt
Alejandra,Alejandra Jirzik,0Lw7s9N1R5
Dulcinea,Dulcinea Atteridge,JlOIdctYO
Gal,Gal Jovicevic,6NgEGOQsh3c
Ashby,Ashby Pady,GCDcVJpB
Twila,Twila Crinson,Vdwdh3uL9
Kelila,Kelila Izkovitz,aR4J0Gv81
Jaquelyn,Jaquelyn Arrighi,Yp1vpB102jI
Maire,Maire Tanswell,XQgOoFTW
Aubrette,Aubrette Haresign,YKm2w0he7
Elladine,Elladine Cornwell,24MAmkV3l2
Lotty,Lotty Rembrandt,Ye1mJyH8SRv
Jocelyne,Jocelyne O'Hoolahan,RpIzl3GafEU
Stanislaus,Stanislaus Watkiss,vjH8M9y
Sean,Sean Rae,CiKhLE2VK
El,El Goodie,DPUd7YmFIt8
Annette,Annette Gordon,slXaAYUY
Trev,Trev Stitson,b8vb4G0sgU
Lidia,Lidia Gooddie,JWY8l5Y7ODs
Daisie,Daisie Torregiani,azPzPy9e0t
Heinrik,Heinrik Simonetti,SEWIz5LC9nGc
Arri,Arri Wozencroft,yvldPux8Lzr
Chickie,Chickie Rosenbaum,bxd0PV
Hattie,Hattie Patullo,8X8K91b0d
Ofella,Ofella Tomkowicz,tnNYi6bBYaQ
Vergil,Vergil Flute,9eU93J
Merwin,Merwin Legges,mHozAUWLKyCX
Shandie,Shandie Jinks,Xvxaj7Tu
Velvet,Velvet O'Dreain,TA2kMHz10Bfi
Teresina,Teresina Yateman,RPJ80GsUYuo
Yuri,Yuri Barrasse,rVPLkiLn5AO
Othilie,Othilie Allport,q7fFvIw3
Irene,Irene Cuttin,RvdWUiD
Rogerio,Rogerio Dishman,QSZAW7P
Elizabeth,Elizabeth Gow,bfRlv8kXvBgl
Mattie,Mattie Kinnane,H3cGHrU0t
Clementius,Clementius Commander,LIxSz9ereeOj
Rafe,Rafe Gideon,5uIsPTAO
Valli,Valli Doucette,NLT4jUfSMVpj
Marline,Marline Guiraud,uDqmpXvj3JuE
Everard,Everard Calow,lBNnSPRi6
Cody,Cody Holgan,3ULYL3
Jay,Jay Tedorenko,Fvx3yve6rBm
Morgan,Morgan Alker,2hw2ym1b9Xqu
Lynelle,Lynelle Gouldsmith,0PgmvKke
Stevy,Stevy Pruce,nsp0KepES
Kipp,Kipp Gippes,Xhtxm1mvC
Anne-corinne,Anne-corinne Bamber,NgexWuNIM
Merrick,Merrick Ratledge,Eakmsu
Kimbra,Kimbra Alishoner,4Jh9Muuuc2P
Mirabelle,Mirabelle Plunket,pBui7C
Sylvester,Sylvester Brands,GgedN2UC
Borden,Borden Wolffers,cz9SzP
Dorothy,Dorothy Kornilov,W2HDUWR
Sabra,Sabra Loyd,gcEWeaVk3Cv
Bernadine,Bernadine Clericoates,0brW7Eo4H
Ivett,Ivett Jaan,ht5TrXmnSM3
Sarah,Sarah Clewett,kZxkM4P1twjJ
Austin,Austin Slayford,4q3ODFn1hJ
Dillon,Dillon Frediani,jmvQiw
Amargo,Amargo Belcham,yhvIxzZ
Paddie,Paddie Leethem,iZFZusTmH4O
Chrystal,Chrystal Caddan,HoWWI9O
Aggy,Aggy Blanchette,jqxd8Go8i
Chilton,Chilton Burbage,9E2MPpmrFihY
Carlina,Carlina Jansky,RQjbyBv90
Chryste,Chryste Pullman,kewhQaJ
Anatollo,Anatollo Smallcomb,K9C2w46FrP
Danielle,Danielle Snar,EF0EZZmHnS0n
Anetta,Anetta Dallin,wFSpm2u
Gabriello,Gabriello Phippin,WRbc0e
Gladi,Gladi Stienton,Hbh5ZFe
Sandy,Sandy Tremayle,Sy1Vq8Wc0
Lonny,Lonny Gronauer,yYX0VdGGvT
Tatum,Tatum Crump,IPcPqUko
Giusto,Giusto Tomek,MGKNHRyw
Cosimo,Cosimo Tabourin,tOFBLb6sGm0
Dennis,Dennis Marlon,DWUqUlXayxo8
Shayla,Shayla Jacqueminot,raCnVC
Monique,Monique Whitters,IU7ULFz3JHP
Trenton,Trenton Bilbrey,Lbx6Je3
Bud,Bud Andriveaux,YdUbIyB
Kimberli,Kimberli Chaff,7U4rNNR0ZtkJ
Bastien,Bastien Ferruzzi,cbTZ5X2h8a
Hamish,Hamish Ciotto,q3eiNbHAqWU
Ivy,Ivy Partener,jIdztnjlL0g
Drucy,Drucy Kezor,SVDIPv9Om
Vidovik,Vidovik Catherine,TQkXiM1xNjPw
Minor,Minor Flintoff,A3cBQpWAn7G
Garwin,Garwin Macken,AS13IVxi
Alvie,Alvie Lemmertz,USgGxke
Devlen,Devlen Barendtsen,SfGow7SyCq4
Daisi,Daisi Brownhall,ehjQ7c7c
Teri,Teri Pavolillo,q0OGFw
Shandy,Shandy MacCallester,WoxDvfDzxsMs
Jourdain,Jourdain Harms,mjmD6wNVCi
Marje,Marje Brauns,d9dZAKxNP
Rawley,Rawley Littleover,uckdXF655Ev
Joly,Joly Sallter,sdfoDyiz
Karly,Karly Pear,zsXvDRCGEog
Rosemary,Rosemary Dupre,33UgmZl4EOp
Cornelia,Cornelia Tweddell,P8hDRob1H
Toni,Toni Murrie,fVaGAKwChG
Auberon,Auberon Jiroudek,YlElAMDlw7L
Giorgi,Giorgi Marrill,5F794sdC
Davie,Davie Edyson,ECCSqp2d
Cordelia,Cordelia Coulthard,Gc6UtDRfS
Nadia,Nadia Tassel,t7OAKqP
Lise,Lise Devinn,OTGohF
Franky,Franky Glowacz,qLEHXlOzY
Ara,Ara Hales,fiW8fro
Jeannette,Jeannette Yukhnini,o6EE9hCyARQS
Morty,Morty Antonsen,8IXVTPGsw
Kile,Kile Langfat,PlKashVT
Gale,Gale Szach,2FQlTDLDsRJI
Brandais,Brandais Astin,gZA7C01d
Stacee,Stacee Twiddell,GCDfJofVGUJ
Roseanne,Roseanne Tapp,2vtv0QZ0
Liz,Liz Saddington,gl0uv9GPXa
Tirrell,Tirrell Digman,WXiBxyQGYSv6
Darill,Darill Cordero,L5DKaleJ1tb
Iormina,Iormina Zorzoni,hxJsXvtXAYq
Julietta,Julietta Gammie,rU9WLJrk
Skyler,Skyler Eddy,Et6MNPA6z1HR
Sigrid,Sigrid Ommanney,qe1nu8BKm53k
Logan,Logan Manford,LldjZS
Sisely,Sisely Hamill,pX2IvRFu
Jaime,Jaime Dollard,4lstAlSdp
Sigismond,Sigismond Stailey,ewa9MkVTeB
Vonni,Vonni Mangenot,Yglz2QP
Cinderella,Cinderella Settle,u1rTcus0
Locke,Locke Hainey`,XTBCMlI
Gusella,Gusella Guerreru,uvt51Ax
Karlen,Karlen Poker,gc0JxyLAI
Ange,Ange Wrintmore,FE4amK9P3
Kermie,Kermie Proffitt,5owAi0ZDct1U
Nesta,Nesta Milmo,j7hs7hhtsNq
Perrine,Perrine Sea,BwzSgNcgdMI
Care,Care Goodbur,ShpxRJ6O8
Rolph,Rolph Tomsett,9VS3GIp7dV
Dorey,Dorey Clemo,w6aGUwaP1a
Nichole,Nichole Chastey,aU7dtBkhAj7
Pavlov,Pavlov Wakelin,XdHpPHH
Gerhardine,Gerhardine Berks,CVX0o2R665ky
Beckie,Beckie Kelle,0gvfv35I6o2
Tiler,Tiler Lupson,sRbznz1x
Siegfried,Siegfried Sandham,JspfPQ
Kimbra,Kimbra Copland,H5fF6SeF
Daffi,Daffi Penrose,taUj1Fh
Jeno,Jeno Boeter,ysTkb7lX
Candis,Candis Horribine,7hEmbvyVu
Sandy,Sandy Reddoch,J8zEqyx5Cs
Marcelo,Marcelo Radenhurst,2M7GeixFD7bR
Moll,Moll Swaffer,ZVYQJV3Bv
Goldina,Goldina Choat,f7S9LfQLz
Desi,Desi Daughton,IyFUaNqZjV
Kai,Kai Osgerby,I90KPjYkdKD
Paulie,Paulie Flaunier,B2YMCR7D
Joanna,Joanna Youle,VGovjf4z
Hugibert,Hugibert O'Connell,jTtwLglvxmW
Annmarie,Annmarie Sallery,5NN4Mv5ML
Henrietta,Henrietta Olivazzi,zpAdOF
Tucker,Tucker Ivens,JPBYBpL
Obidiah,Obidiah Jennens,0ixuh4
Alard,Alard Keems,YUMvZsll
Garrett,Garrett Clute,yJwAUrCreO
Carin,Carin O'Scully,dNAMi0
Paddie,Paddie Rolfi,7kxVBoLnjNHt
Pamelina,Pamelina Cusiter,AR5VRQTt
Riki,Riki Durdan,lkPoFo5YQ
Merrielle,Merrielle Radage,782VLh4C4
Emmalynne,Emmalynne Starsmeare,Lf5UG1
Pearline,Pearline Ashenhurst,kTCXSMQS4
Shaine,Shaine Estcourt,lEiFbjKF3
Marcello,Marcello Athowe,15mPfHlqP
Genvieve,Genvieve Gorler,w8Zux7
Billie,Billie Carnegy,MuVIHSrQ
Michel,Michel Harcase,h4xLfr986h
Donielle,Donielle Cruz,U79Yubn9
Ebeneser,Ebeneser Saffle,vEW8LfUR
Farra,Farra Dart,i2KBvVMuqx
Ted,Ted O'Rodane,tVo7Bq
Gaylene,Gaylene Stafford,yFzB2O7Kk
Marina,Marina Coughtrey,B0TmewRc3
Rriocard,Rriocard Trye,nxhTeHOcmarN
Octavius,Octavius Proud,DXGapW98E9
Tootsie,Tootsie Rollinson,JfPcp858
Antone,Antone De Ortega,4s0JM2
Tedda,Tedda Humphery,yhjzCV3u8RKW
Violante,Violante Austick,WKnHJQsFCSi
Modesta,Modesta Toms,hkb9pI
Talya,Talya Chappelow,mbJkix
Roxanne,Roxanne Tyhurst,mubrGTlld3
Warde,Warde Zahor,a30gdnVrNMi
Tiebout,Tiebout Leathes,PF2YJ3e
Opalina,Opalina Barwack,r5ul5DeusjmI
Doloritas,Doloritas Jent,IrkWoj
Valentino,Valentino Burgess,3nPeebN3
Milzie,Milzie Thomesson,O9aNvpFOFZ
Brian,Brian Vennart,WmbQQvnREBO
Kipp,Kipp Hanington,QswaU09G6g7l
Hobard,Hobard Kenningham,uiaGTIZPNmkW
Toby,Toby Larciere,2yoVJg6pxC
Fanchette,Fanchette Jansik,kP7GFGkEv5Q
Nick,Nick Ferries,hDkTBS
Jobey,Jobey Housbey,01DopvBo8O
Gibbie,Gibbie McMurraya,kPM21xEbUcCr
Mab,Mab Craker,9wAqJZfVDDW
Tabbie,Tabbie Yell,G2W1PCDg
Felicity,Felicity Spadaro,7ek9ucMYFpc6
Audre,Audre Plowman,fM3pVqJQm
Royall,Royall Martinelli,wi3HmK
Krystalle,Krystalle Seale,OADhU0
Bryan,Bryan Devinn,yrZgV60Yc2HZ
Pepe,Pepe Reuble,wWaHQW
John,John Tummond,JjqCCBYeMMd
Kalindi,Kalindi Corneil,s2JrrHDJCI5g
Carin,Carin Polly,QPN7H21pyop
Annamaria,Annamaria Whatson,mp2eegk
James,James Wooff,dbDuINHaMJx
Austina,Austina Antowski,LiIm16ryv4
Cooper,Cooper Colquite,66HkMA
Berkie,Berkie Fergie,SQX8iWKlaLx
Eran,Eran Brockie,y1TRDv
Jordain,Jordain Watmore,in93TCYV
Alene,Alene Bixley,9GBJKbL51
Kary,Kary Plewright,9zMxtt1bai
Rozanna,Rozanna Leverage,B5eSAqHYGlu
Adrea,Adrea Phillis,M5kxOnUXhYvL
Gustavus,Gustavus Pevreal,4QKZ6hl7kP
Randolf,Randolf Bordone,awhOMmEQl
Robinett,Robinett Bowlesworth,46KSkig4vQX
Sayer,Sayer Kobiela,ovP91E
Geoff,Geoff Red,JpqSL0OJ
Salomone,Salomone Bogges,ws3nfsA
Aeriela,Aeriela Southeran,MHFjLR
Vivi,Vivi Burnsell,883l4oml
Jammie,Jammie Farnham,rYLtKgYi
Hazel,Hazel Cheine,gqANQYLR
Celka,Celka O'Kieran,1sHWd9z
